"Parent","Name","CashValue","BossRace","IsMarkerRace"
"drag","race_bin_12/12_7_3_drag","750","false","false"
"activity","race","1000","false","false"
"drag","race_bin_11/11_7_1_drag","1000","false","false"
"drag","race_bin_09/9_7_1_drag","1500","false","false"
"circuit","race_bin_15/15_1_1_circuit","1500","false","false"
"p2p","race_bin_15/15_2_1_sprint","1500","false","false"
"lapknockout","race_bin_15/15_3_1_knockout","1500","false","false"
"circuit","race_bin_collectors/21_1_1_circuit","1500","false","false"
"p2p","race_bin_collectors/21_2_1_sprint","1500","false","false"
"p2p","race_bin_collectors/21_2_2_sprint","1500","false","false"
"speedtraprace","race_bin_opm/20_5_1_speedtraps","1500","false","false"
"circuit","race_bin_14/14_1_1_circuit","2000","false","false"
"circuit","race_bin_14/14_1_2_cellphone_circuit","2000","false","true"
"p2p","race_bin_14/14_2_1_sprint","2000","false","false"
"p2p","race_bin_14/14_2_2_sprint","2000","false","false"
"circuit","race_bin_14/14_3_1_lapknockout","2000","false","false"
"tollboothrace","race_bin_14/14_4_1_tollbooth","2000","false","false"
"drag","race_bin_07/7_7_4_drag","2500","false","false"
"p2p","race_bin_13/13_2_1_sprint","2500","false","false"
"lapknockout","race_bin_13/13_3_1_lap_ko","2500","false","false"
"lapknockout","race_bin_13/13_3_2_lap_ko","2500","false","false"
"tollboothrace","race_bin_13/13_4_1_tollbooth","2500","false","false"
"tollboothrace","race_bin_13/13_4_2_tollbooth","2500","false","false"
"speedtraprace","race_bin_13/13_5_1_speedtrap","2500","false","false"
"speedtraprace","race_bin_13/13_5_2_speedtrap","2500","false","false"
"drag","race_bin_06/7_7_1_r_drag","3000","false","false"
"circuit","race_bin_12/12_1_1_circuit","3000","false","false"
"tollboothrace","race_bin_12/12_4_1_tollbooth","3000","false","false"
"tollboothrace","race_bin_12/12_4_2_tollbooth","3000","false","false"
"speedtraprace","race_bin_12/12_5_1_speedtrap","3000","false","false"
"p2p","race_bin_12/13_2_2_r_Sprint","3000","false","false"
"p2p","race_bin_12/14_2_3_r_sprint","3000","false","false"
"circuit","race_bin_11/11_1_1_circuit","4000","false","false"
"p2p","race_bin_11/11_2_1_sprint","4000","false","false"
"tollboothrace","race_bin_11/11_4_1_tollbooth","4000","false","false"
"tollboothrace","race_bin_11/11_4_2_tollbooth","4000","false","false"
"speedtraprace","race_bin_11/11_5_1_speedtrap_race","4000","false","false"
"speedtraprace","race_bin_11/11_5_2_speedtrap","4000","false","false"
"p2p","race_bin_11/12_2_1_r_sprint","4000","false","false"
"drag","race_bin_03/3_7_3_drag","4500","false","false"
"drag","race_bin_02/2_7_1_drag","5000","false","false"
"p2p","race_bin_10/10_2_2_sprint","5000","false","false"
"lapknockout","race_bin_10/10_3_1_knockout","5000","false","false"
"lapknockout","race_bin_10/10_3_2_knockout","5000","false","false"
"tollboothrace","race_bin_10/10_4_1_tollbooth","5000","false","false"
"tollboothrace","race_bin_10/10_4_2_tollbooth","5000","false","false"
"circuit","race_bin_10/11_1_2_r_circuit","5000","false","false"
"p2p","race_bin_10/11_2_1_r_sprint","5000","false","false"
"speedtraprace","race_bin_10/11_5_1_r_speedtrap","5000","false","false"
"circuit","race_bin_15/15_1_1_circuit_reversed","5000","true","true"
"circuit","race_bin_09/12_1_1_r_circuit","6000","false","false"
"circuit","race_bin_09/9_1_1_circuit","6000","false","false"
"lapknockout","race_bin_09/9_3_1_lapknockout","6000","false","false"
"tollboothrace","race_bin_09/9_4_1_tollbooth","6000","false","false"
"tollboothrace","race_bin_09/9_4_2_tollbooth","6000","false","false"
"speedtraprace","race_bin_09/9_5_1_speedtrap","6000","false","false"
"speedtraprace","race_bin_09/9_5_2_speedtrap","6000","false","false"
"p2p","race_bin_13/14_2_2_r_sprint","6000","true","true"
"p2p","race_bin_14/15_2_1_sprint_reverse","6000","true","true"
"tollboothrace","race_bin_08/10_4_2_r_tollbooth","8000","false","false"
"lapknockout","race_bin_08/13_3_1_r_lap_ko","8000","false","false"
"p2p","race_bin_08/8_2_2_sprint","8000","false","false"
"lapknockout","race_bin_08/8_3_1_lap_ko","8000","false","false"
"speedtraprace","race_bin_08/8_5_1_speedtrap","8000","false","false"
"speedtraprace","race_bin_08/8_5_2_speedtrap","8000","false","false"
"tollboothrace","race_bin_08/9_4_1_r_tollbooth","8000","false","false"
"circuit","race_bin_12/12_1_2_circuit","8000","true","true"
"circuit","16_1_1_circuit","10000","false","false"
"circuit","16_2_2_sprint","10000","false","false"
"circuit","16_2_3_sprint","10000","false","false"
"circuit","race_bin_07/16_1_1_r_circuit","10000","false","false"
"circuit","race_bin_07/7_1_1_circuit","10000","false","false"
"p2p","race_bin_07/7_2_1_sprint","10000","false","false"
"lapknockout","race_bin_07/7_3_1_lap_ko","10000","false","false"
"tollboothrace","race_bin_07/7_4_1_tollbooth","10000","false","false"
"tollboothrace","race_bin_07/7_4_2_tollbooth","10000","false","false"
"tollboothrace","race_bin_07/7_4_3_tollbooth","10000","false","false"
"speedtraprace","race_bin_07/7_5_1_speedtrap","10000","false","false"
"p2p","race_bin_07/8_2_1_r_sprint","10000","false","false"
"circuit","race_bin_11/12_1_2_r_circuit","10000","true","true"
"p2p","race_bin_opm/20_2_1_rival_race","10000","false","false"
"circuit","race_bin_06/14_3_1_r_lap_ko","12000","false","false"
"p2p","race_bin_06/6_2_1_p2p","12000","false","false"
"p2p","race_bin_06/6_2_2_p2p","12000","false","false"
"p2p","race_bin_06/6_2_3_sprint","12000","false","false"
"lapknockout","race_bin_06/6_3_1_lap_ko","12000","false","false"
"tollboothrace","race_bin_06/6_4_1_tollbooth","12000","false","false"
"tollboothrace","race_bin_06/6_4_2_tollbooth","12000","false","false"
"speedtraprace","race_bin_06/6_5_1_speedtraprace","12000","false","false"
"speedtraprace","race_bin_06/6_5_3_speedtrap","12000","false","false"
"tollboothrace","race_bin_06/7_4_1_r_tollbooth","12000","false","false"
"drag","race_bin_10/10_7_3_drag","12000","true","true"
"circuit","race_bin_05/5_1_1_circuit","14000","false","false"
"p2p","race_bin_05/5_2_1_sprint","14000","false","false"
"p2p","race_bin_05/5_2_3_sprint","14000","false","false"
"lapknockout","race_bin_05/5_3_1_lap_ko","14000","false","false"
"tollboothrace","race_bin_05/5_4_1_tollbooth","14000","false","false"
"speedtraprace","race_bin_05/5_5_1_speedtrap","14000","false","false"
"speedtraprace","race_bin_05/5_5_2_speedtrap","14000","false","false"
"speedtraprace","race_bin_05/5_5_3_speedtrap","14000","false","false"
"tollboothrace","race_bin_05/6_4_1_r_tollbooth","14000","false","false"
"tollboothrace","race_bin_05/7_4_2_r_tollbooth","14000","false","false"
"circuit","race_bin_04/4_1_1_circuit","16000","false","false"
"lapknockout","race_bin_04/4_3_1_lapknockout","16000","false","false"
"tollboothrace","race_bin_04/4_4_1_tollbooth","16000","false","false"
"speedtraprace","race_bin_04/4_5_1_speedtrap","16000","false","false"
"speedtraprace","race_bin_04/4_5_3_speedtrap","16000","false","false"
"tollboothrace","race_bin_04/5_4_1_r_tollbooth","16000","false","false"
"speedtraprace","race_bin_04/5_5_2_r_speedtrap","16000","false","false"
"lapknockout","race_bin_04/6_3_1_r_knockout","16000","false","false"
"p2p","race_bin_04/7_2_2_r_sprint","16000","false","false"
"tollboothrace","race_bin_04/7_4_3_r_tollbooth","16000","false","false"
"circuit","race_bin_04/9_1_1_r_circuit","16000","false","false"
"p2p","race_bin_09/9_2_1_sprint","16000","true","true"
"circuit","race_bin_03/3_1_1_circuit","18000","false","false"
"p2p","race_bin_03/3_2_1_sprint","18000","false","false"
"lapknockout","race_bin_03/3_3_1_lap_ko","18000","false","false"
"tollboothrace","race_bin_03/3_4_1_r_tollbooth","18000","false","false"
"tollboothrace","race_bin_03/3_4_1_tollbooth","18000","false","false"
"speedtraprace","race_bin_03/3_5_1_speedtrap","18000","false","false"
"speedtraprace","race_bin_03/3_5_2_speedtrap","18000","false","false"
"p2p","race_bin_03/4_2_1_r_sprint_race","18000","false","false"
"lapknockout","race_bin_03/4_3_1_r_knockout","18000","false","false"
"tollboothrace","race_bin_03/4_4_1_r_tollbooth","18000","false","false"
"p2p","race_bin_03/7_2_1_r_sprint","18000","false","false"
"circuit","race_bin_02/2_1_1_circuit","20000","false","false"
"circuit","race_bin_02/2_1_1_r_circuit","20000","false","false"
"tollboothrace","race_bin_02/2_4_1_tollbooth","20000","false","false"
"tollboothrace","race_bin_02/2_4_2_tollbooth","20000","false","false"
"tollboothrace","race_bin_02/2_4_3_tollbooth","20000","false","false"
"speedtraprace","race_bin_02/2_5_1_speedtrap","20000","false","false"
"p2p","race_bin_02/3_2_1_r_sprint","20000","false","false"
"lapknockout","race_bin_02/3_3_1_r_knockout","20000","false","false"
"lapknockout","race_bin_02/3_3_2_r_knockout","20000","false","false"
"circuit","race_bin_02/5_1_1_r_Circuit","20000","false","false"
"speedtraprace","race_bin_02/5_5_1_r_speedtrap","20000","false","false"
"drag","race_bin_08/8_7_5_drag","20000","true","true"
"p2p","race_bin_07/7_2_3_p2p","24000","true","true"
"circuit","race_bin_01/1_1_1_circuit","25000","false","false"
"p2p","race_bin_01/1_2_1_sprint","25000","false","false"
"p2p","race_bin_01/1_2_2_sprint","25000","false","false"
"p2p","race_bin_01/1_2_4_sprint","25000","false","false"
"lapknockout","race_bin_01/1_3_1_lapknockout","25000","false","false"
"tollboothrace","race_bin_01/1_4_1_tollbooth","25000","false","false"
"tollboothrace","race_bin_01/1_4_2_tollbooth","25000","false","false"
"speedtraprace","race_bin_01/1_5_1_speedtraprace","25000","false","false"
"speedtraprace","race_bin_01/1_5_3_speedtrap","25000","false","false"
"p2p","race_bin_01/2_2_1_r_sprint","25000","false","false"
"tollboothrace","race_bin_01/2_4_3_r_tollbooth","25000","false","false"
"speedtraprace","race_bin_06/6_5_2_speedtraprace","28000","true","true"
"p2p","race_bin_05/5_2_1_r_sprint","48000","true","true"
"speedtraprace","race_bin_04/4_5_1_r_speedtrap","54000","true","true"
"circuit","race_bin_03/3_1_2_circuit","60000","true","true"
"p2p","race_bin_02/2_2_1_sprint","75000","true","true"
"challengerace","race_bin_01/epic_pursuit","200000","true","false"
